<?xml version="1.1" encoding="UTF-8" standalone="yes"?>
<addon id="plugin.video.ottalpha"
       name="[COLOR red]Over The Top[COLOR white] TV[/COLOR]"
       version="3.0"
       provider-name="OTTTV">
  <requires>
    <import addon="xbmc.python" version="2.1.0"/>
  </requires>
  <extension point="xbmc.python.pluginsource"
            library="default.py">
        <provides>video</provides>
  </extension>
  <extension point="xbmc.addon.metadata">
    <summary lang="en">Over The Top TV</summary>
    <language>en</language>
    <description lang="en">OTTTV - Live TV / PPV / Sports / Kids / Movies / Entertainment at an affordable price for all.</description>
     <platform>all</platform>
  </extension>
</addon>
