<?xml version="1.0" encoding="UTF-8"?>
    <addon id="repository.OTTtv" name="[COLOR red ]OTTtv[/COLOR] Repository" version="0.1.4" provider-name="GenTec">
        <requires>
            <import addon="xbmc.addon" version="12.0.0"/>
        </requires>
        <extension point="xbmc.addon.repository" name="UFO">
            <info compressed="false">https://raw.githubusercontent.com/gentec1/oTTtv/master/addons.xml</info>
            <checksum>https://raw.githubusercontent.com/gentec1/oTTtv/master/addons.xml.md5</checksum>
            <datadir zip="true">https://raw.github.com/gentec1/oTTtv/</datadir>
            <hashes>false</hashes>
        </extension>
        <extension point="xbmc.addon.metadata">
            <summary>Install My Addons</summary>
            <description>Download and install addons Gen-Tec</description>
            <platform>all</platform>
    </extension>
</addon>